{"crow":{"width":16,"height":16,"show":false},"raccoon":{"width":16,"height":16,"show":false},"murmur":{"width":16,"height":16,"show":false},"murmur_head":{"width":16,"height":16,"show":false},"terrapin":{"width":16,"height":16,"show":false},"cockroach":{"width":8,"height":20,"show":false},"tusklin":{"width":16,"height":16,"show":false},"fly":{"width":16,"height":16,"show":false},"catfish":{"width":16,"height":16,"show":false},"bison":{"width":16,"height":16,"show":false},"crocodile":{"width":16,"height":16,"show":false},"centipede_head":{"width":16,"height":16,"show":false},"centipede_body":{"width":16,"height":16,"show":false},"centipede_tail":{"width":16,"height":16,"show":false},"lobster":{"width":16,"height":16,"show":false},"grizzly_bear":{"width":16,"height":16,"show":false},"seal":{"width":16,"height":16,"show":false},"skunk":{"width":16,"height":16,"show":false},"seagull":{"width":16,"height":16,"show":false},"rocky_roller":{"width":16,"height":16,"show":false},"snow_leopard":{"width":16,"height":16,"show":false},"moose":{"width":16,"height":16,"show":false},"underminer":{"width":16,"height":16,"show":false},"froststalker":{"width":16,"height":16,"show":false},"flutter":{"width":16,"height":16,"show":false},"tasmanian_devil":{"width":16,"height":16,"show":false},"blue_jay":{"width":16,"height":16,"show":false},"platypus":{"width":16,"height":16,"show":false},"sugar_glider":{"width":16,"height":16,"show":false},"banana_slug":{"width":16,"height":16,"show":true},"sunbird":{"width":16,"height":16,"show":true},"hummingbird":{"width":16,"height":16,"show":true},"orca":{"width":16,"height":16,"show":true},"cachalot_whale":{"width":16,"height":16,"show":true},"comb_jelly":{"width":16,"height":16,"show":true},"frilled_shark":{"width":16,"height":16,"show":true},"giant_squid":{"width":16,"height":16,"show":true},"blobfish":{"width":16,"height":16,"show":true},"cosmic_cod":{"width":16,"height":16,"show":true},"potoo":{"width":16,"height":16,"show":true},"gelada_monkey":{"width":16,"height":16,"show":true},"dropbear":{"width":16,"height":16,"show":true},"laviathan":{"width":16,"height":16,"show":true},"warped_toad":{"width":16,"height":16,"show":true},"crimson_mosquito":{"width":16,"height":16,"show":true},"bone_serpent":{"width":16,"height":16,"show":true},"skreecher":{"width":16,"height":16,"show":true},"straddler":{"width":16,"height":16,"show":true},"stradpole":{"width":16,"height":16,"show":true}}