{
  "extraAquaticEntities": [],
  "removedAquaticEntities": [],
  "extraFlyingEntities": [],
  "removedFlyingEntities": [],
  "configVersion": 5,
  "overlayIdentityUnlocks": true,
  "overlayIdentityRevokes": true,
  "revokeIdentityOnDeath": false,
  "identitiesEquipItems": true,
  "identitiesEquipArmor": true,
  "renderOwnNameTag": false,
  "hostilesIgnoreHostileIdentityPlayer": true,
  "hostilesForgetNewHostileIdentityPlayer": false,
  "wolvesAttackIdentityPrey": true,
  "ownedWolvesAttackIdentityPrey": false,
  "villagersRunFromIdentities": true,
  "foxesAttackIdentityPrey": true,
  "useIdentitySounds": true,
  "playAmbientSounds": true,
  "hearSelfAmbient": false,
  "enableFlight": true,
  "hostilityTime": 300,
  "advancementsRequiredForFlight": [],
  "scalingHealth": true,
  "maxHealth": 20,
  "enableClientSwapMenu": true,
  "enableSwaps": true,
  "allowedSwappers": [],
  "endermanAbilityTeleportDistance": 32,
  "showPlayerNametag": false,
  "forceChangeNew": false,
  "forceChangeAlways": false,
  "logCommands": true,
  "flySpeed": 0.05,
  "killForIdentity": false,
  "requiredKillsForIdentity": 10,
  "wardenIsBlinded": true,
  "wardenBlindsNearby": true,
  "requiredKillsByType": {
    "minecraft:elder_guardian": 1,
    "minecraft:wither": 1,
    "minecraft:ender_dragon": 1
  },
  "abilityCooldownMap": {
    "minecraft:blaze": 20,
    "alexsmobs:emu": 30,
    "alexsmobs:elephant": 50,
    "alexsmobs:hummingbird": 15,
    "alexsmobs:komodo_dragon": 30,
    "alexsmobs:snow_leopard": 40,
    "alexsmobs:mimicube": 80,
    "alexsmobs:dropbear": 60,
    "alexsmobs:tiger": 40,
    "alexsmobs:gorilla": 40,
    "alexsmobs:raccoon": 100,
    "alexsmobs:moose": 50,
    "alexsmobs:grizzly_bear": 20,
    "alexsmobs:bone_serpent": 40,
    "minecraft:ghast": 60,
    "alexsmobs:void_worm": 80,
    "alexsmobs:skunk": 100,
    "alexsmobs:orca": 60,
    "alexsmobs:roadrunner": 30,
    "alexsmobs:enderiophage": 60,
    "alexsmobs:crow": 20,
    "alexsmobs:sunbird": 60,
    "minecraft:creeper": 100,
    "alexsmobs:coackroach": 10,
    "alexsmobs:fly": 10,
    "minecraft:wither": 200,
    "alexsmobs:tasmanian_devil": 40,
    "alexsmobs:warped_mosco": 70,
    "alexsmobs:guster": 40,
    "alexsmobs:soul_vulture": 60,
    "minecraft:evoker": 10,
    "alexsmobs:crocodile": 40,
    "alexsmobs:tarantula_hawk": 50,
    "alexsmobs:spectre": 50,
    "minecraft:witch": 200,
    "minecraft:ender_dragon": 20,
    "minecraft:snow_golem": 10,
    "alexsmobs:kangaroo": 30,
    "minecraft:enderman": 100,
    "alexsmobs:bald_eagle": 20,
    "alexsmobs:giant_squid": 50,
    "alexsmobs:rattlesnake": 40,
    "alexsmobs:crimson_mosquito": 30
  }
}