{
  "game": "minecraft",
  "formatVersion": 1,
  "versionId": "1.0.0",
  "name": "MITH-MC_IS_TOO_HARD",
  "summary": "1.20.1, Forge 47.4.6",
  "files": [
    {
      "path": "mods/alexsmobs-1.22.9.jar",
      "hashes": {
        "sha1": "dbf93d2f1da19e16739e91e8ea0fc6f4bc2f228f",
        "sha512": "b50280057926d750f9ffbf6a8df36deb37529356895f6bf59f25d272ecf69afccec65ec1a5c3a8bfad24f9475c15b93c5ec4666447b1fce26a90c41445bbfb04"
      },
      "downloads": [
        "https://cdn.modrinth.com/data/2cMuAZAp/versions/XoIASRVU/alexsmobs-1.22.9.jar",
        "https://edge.forgecdn.net/files/5698/791/alexsmobs-1.22.9.jar"
      ],
      "fileSize": 26350793
    },
    {
      "path": "mods/amendments-1.20-2.2.1.jar",
      "hashes": {
        "sha1": "5b83b3cd9143b95ecb4ce82b71e26d3727040e79",
        "sha512": "044151db542b273e34be424576a500f0496828581451904927662fa6cc352c890127888c9d257d88e8c6f98552be77164b709db62626094e1e8685bdaa66205d"
      },
      "downloads": [
        "https://cdn.modrinth.com/data/6iTJugQR/versions/3iFSTYky/amendments-1.20-2.2.1.jar",
        "https://edge.forgecdn.net/files/6913/537/amendments-1.20-2.2.1.jar"
      ],
      "fileSize": 1298659
    },
    {
      "path": "mods/appleskin-forge-mc1.20.1-2.5.1.jar",
      "hashes": {
        "sha1": "81919356f84eab14258db98924b66c3c38e372b1",
        "sha512": "3176f928fb6c60d27f5edb610ca4ab0236175404eebf32797a1ec6cdd794bb294a260231579578536d03571377e43c6181adc75d8dd2c0733f17fce4f7e636b9"
      },
      "downloads": [
        "https://cdn.modrinth.com/data/EsAfCjCV/versions/XdXDExVF/appleskin-forge-mc1.20.1-2.5.1.jar",
        "https://edge.forgecdn.net/files/4770/828/appleskin-forge-mc1.20.1-2.5.1.jar"
      ],
      "fileSize": 47428
    },
    {
      "path": "mods/architectury-9.2.14-forge.jar",
      "hashes": {
        "sha1": "a52918a500ff421180a1cbd1a0cabee712134ec4",
        "sha512": "cf67f2050cafa00f0bee42e6d7bef77fdb808ac4f71742f7b4d6d5c1e6ffb49561a5a252f332d2b78a9767bdb5faa284611790dba303fbdc736ae36d794f61c7"
      },
      "downloads": [
        "https://cdn.modrinth.com/data/lhGA9TYQ/versions/1MKTLiiG/architectury-9.2.14-forge.jar",
        "https://edge.forgecdn.net/files/5137/938/architectury-9.2.14-forge.jar"
      ],
      "fileSize": 580602
    },
    {
      "path": "mods/Bookshelf-Forge-1.20.1-20.2.13.jar",
      "hashes": {
        "sha1": "c53d9eb5ce9e8ef0f2ea9b11e478d84ce958c3e5",
        "sha512": "1143753a001bccb3fc84c699cc93343f1941da9b7a63d3a3b8078808262b42962f8b10a2c16ed97a49c058865a6dbaa7e85a1e8842b95039d222f06ab4ee9509"
      },
      "downloads": [
        "https://cdn.modrinth.com/data/uy4Cnpcm/versions/tNwsir0K/Bookshelf-Forge-1.20.1-20.2.13.jar",
        "https://edge.forgecdn.net/files/5423/987/Bookshelf-Forge-1.20.1-20.2.13.jar"
      ],
      "fileSize": 343962
    },
    {
      "path": "mods/botarium-forge-1.20.1-2.3.4.jar",
      "hashes": {
        "sha1": "a6928cb03b7c5f81900d3d3c8e8c8f6a89a51a5b",
        "sha512": "aa3530dde50966e47958690b02a343c4de3782d32ae3b2cb75b2155eebb76e172a292768d846b8d14a97bc9ebe18f1f655eaa3469fce13b2b4b15b16af0aba01"
      },
      "downloads": [
        "https://cdn.modrinth.com/data/2u6LRnMa/versions/O7D6FTfW/botarium-forge-1.20.1-2.3.4.jar",
        "https://edge.forgecdn.net/files/5486/70/botarium-forge-1.20.1-2.3.4.jar"
      ],
      "fileSize": 157633
    },
    {
      "path": "mods/bottleyourxp-1.20.1-3.5.jar",
      "hashes": {
        "sha1": "c09acdc35523723512f2664296126489403965a3",
        "sha512": "77599922019e09360a64caed6b26d25fb0e90826a519dc195075cb270b63438b86185e0e937d5e13a9429ea31c713341cca0659db9c09d14d72024fbfcee793d"
      },
      "downloads": [
        "https://cdn.modrinth.com/data/bG2afBot/versions/vo5jKfe7/bottleyourxp-1.20.1-3.5.jar",
        "https://edge.forgecdn.net/files/6186/407/bottleyourxp-1.20.1-3.5.jar"
      ],
      "fileSize": 29849
    },
    {
      "path": "mods/BrewinAndChewin-1.20.1-3.2.1.jar",
      "hashes": {
        "sha1": "b11a91386ef9da2569b69fd4c229b1c31dcc2eb9",
        "sha512": "f784c2530f34e56e70a58ee7345e95abc79b312c39fbbef6339ab19dfd20e2842cd7414c5ef2395db2bfa0a9bb1036affc6a3be685b2b731ee3195b2d0d4eb5d"
      },
      "downloads": [
        "https://cdn.modrinth.com/data/hIu9KJTT/versions/9myDFPCD/BrewinAndChewin-1.20.1-3.2.1.jar",
        "https://edge.forgecdn.net/files/6237/884/BrewinAndChewin-1.20.1-3.2.1.jar"
      ],
      "fileSize": 1206255
    },
    {
      "path": "mods/chalk-1.20.1-1.6.6.jar",
      "hashes": {
        "sha1": "4476abc4a3f707c2e82d91038972644d92752df5",
        "sha512": "c2c485321015847087c4724c768f5be7dffd24b1cb10be1e8e44f4dfcd42490dd6be82770c83ecba3344f93b4d66651c7bbc811f95ee300d889d11edf51b22f6"
      },
      "downloads": [
        "https://cdn.modrinth.com/data/YWGP4Y1d/versions/tRKPNWEg/chalk-1.20.1-1.6.6.jar",
        "https://edge.forgecdn.net/files/6661/590/chalk-1.20.1-1.6.6.jar"
      ],
      "fileSize": 320854
    },
    {
      "path": "mods/citadel-2.6.2-1.20.1.jar",
      "hashes": {
        "sha1": "06866f4005d3f6ba63ac01f715b352842d809bbd",
        "sha512": "67f0d800157a807447ebf92e822bef8e3e441e471eba03592cd0c06541ae44130fef6c842764a4fb732b97dc4a5ff92210c39dd242b87106712d20ac976c5ba7"
      },
      "downloads": [
        "https://cdn.modrinth.com/data/jJfV67b1/versions/oD1qDb1C/citadel-2.6.2-1.20.1.jar",
        "https://edge.forgecdn.net/files/6702/68/citadel-2.6.2-1.20.1.jar"
      ],
      "fileSize": 3185379
    },
    {
      "path": "mods/collective-1.20.1-8.3.jar",
      "hashes": {
        "sha1": "ec387c40637a330661d9f4c3e59d93efc17046a2",
        "sha512": "11263db68965bd7d727284ecfd84047d0085c647af1aa8903896946515742ae5ced21cf3b46497dcf5e35ff1f0db646dad2bc330b9c3997cf75b304d34e4f745"
      },
      "downloads": [
        "https://cdn.modrinth.com/data/e0M1UDsY/versions/P0uRrvF9/collective-1.20.1-8.3.jar",
        "https://edge.forgecdn.net/files/6429/218/collective-1.20.1-8.3.jar"
      ],
      "fileSize": 657310
    },
    {
      "path": "mods/comforts-forge-6.4.0+1.20.1.jar",
      "hashes": {
        "sha1": "e7b9fe89566bb1ee013e33745f22f309f679536e",
        "sha512": "5f8bc01de36814bbea454ad306efd6b7ae9de933117fe8c1197a13454804e4b71ddd0685a24ace45b81527a8489d4081f7e75b6c5d3f7d7c8f791520407fac09"
      },
      "downloads": [
        "https://cdn.modrinth.com/data/SaCpeal4/versions/gBDsc134/comforts-forge-6.4.0%2B1.20.1.jar",
        "https://edge.forgecdn.net/files/5503/516/comforts-forge-6.4.0%2b1.20.1.jar"
      ],
      "fileSize": 382083
    },
    {
      "path": "mods/coroutil-forge-1.20.1-1.3.7.jar",
      "hashes": {
        "sha1": "7f5f0b62a638b6053c95919cbe8c2bea2e0c93d0",
        "sha512": "37a13eaa68579dd45204ebdfa43b2909123a2e5e875a2ca51da0d0882d4c524be1e95fce4bb26db21901b7d100ad9363968814e3566d44b5afce8fb8e8088057"
      },
      "downloads": [
        "https://cdn.modrinth.com/data/rLLJ1OZM/versions/6rPDKAT8/coroutil-forge-1.20.1-1.3.7.jar",
        "https://edge.forgecdn.net/files/5096/38/coroutil-forge-1.20.1-1.3.7.jar"
      ],
      "fileSize": 64187
    },
    {
      "path": "mods/Create Encased-1.20.1-1.7.2-fix1.jar",
      "hashes": {
        "sha1": "cf2d2f0fb117f1759d0e193f8fcad47b1d882b4d",
        "sha512": "bfc692851e342cd2e22bbe3b8627247f145dbac72d6737941486262079e0aad87bad597439557f31eecb17cd703de4ae7c5e8d6706190a4362d4f43003f7fcc7"
      },
      "downloads": [
        "https://cdn.modrinth.com/data/hSSqdyU1/versions/usE25rBf/Create%20Encased-1.20.1-1.7.2-fix1.jar",
        "https://edge.forgecdn.net/files/6767/414/Create%20Encased-1.20.1-1.7.2-fix1.jar"
      ],
      "fileSize": 2020171
    },
    {
      "path": "mods/create-1.20.1-6.0.4.jar",
      "hashes": {
        "sha1": "1b57eab3600805d705bb64933bc0cb7836b41886",
        "sha512": "9dc60349a07d3367977fc935a65053db63cdfab4fc244db06e97a62e9c9d1154c1b8b66d4083f5a4c4a1403716a06c3251cd8d0ddfccb5e9de7177c8c2c45d25"
      },
      "downloads": [
        "https://cdn.modrinth.com/data/LNytGWDc/versions/xoKzmnen/create-1.20.1-6.0.4.jar",
        "https://edge.forgecdn.net/files/6323/270/create-1.20.1-6.0.4.jar"
      ],
      "fileSize": 18463134
    },
    {
      "path": "mods/create-new-age-forge-1.20.1-1.1.4.jar",
      "hashes": {
        "sha1": "46687106ee5753ff3a92580ce514c6abc6216045",
        "sha512": "c1e8b474fb1757b1c227233bece734e4f8e496497f0e23ab9ecb0562e41fcee782b706e22861a1a8915bca6b8d77d787a74a9e8ecad2bf78fdaa289eab8d008b"
      },
      "downloads": [
        "https://cdn.modrinth.com/data/FTeXqI9v/versions/8pm2JUQy/create-new-age-forge-1.20.1-1.1.4.jar",
        "https://edge.forgecdn.net/files/6482/827/create-new-age-forge-1.20.1-1.1.4.jar"
      ],
      "fileSize": 603827
    },
    {
      "path": "mods/createaddition-1.20.1-1.3.2.jar",
      "hashes": {
        "sha1": "41ea564e270effea8bad04b937fb30d2a3bb5053",
        "sha512": "6233e2a097557f425b3689a584a3d33df665b2217b201a4b2de7aaa88074a01156f9959c5a704bcbe9c17284bd7e97274b13b32bfa579413089796b4bcc67f13"
      },
      "downloads": [
        "https://edge.forgecdn.net/files/6901/922/createaddition-1.20.1-1.3.2.jar"
      ],
      "fileSize": 1583476
    },
    {
      "path": "mods/createbetterfps-1.20.1-1.1.1.jar",
      "hashes": {
        "sha1": "519f436f67c316db546cbab54a03fdbfd17fe9f1",
        "sha512": "27a24d6b1c473fe2b3fe31364088739d7bf7ee379fb835a50fea356f2c3e57f895dd61255baadbbd5c124518d1ee370782a091399135bbc03b64e470483e38da"
      },
      "downloads": [
        "https://cdn.modrinth.com/data/lMYIHZNH/versions/G8AvMFll/createbetterfps-1.20.1-1.1.1.jar",
        "https://edge.forgecdn.net/files/6716/449/createbetterfps-1.20.1-1.1.1.jar"
      ],
      "fileSize": 24819
    },
    {
      "path": "mods/createdeco-2.0.3-1.20.1-forge.jar",
      "hashes": {
        "sha1": "54c8ad5686b846310bca9e69982a455e668dede3",
        "sha512": "50b7e9bb7b09d720160b2491528f2ab751ad2299541be75cc6941e6b6c3d2d40faff5c5fa07a1bea9e3f43b73146ef6e0fdf6a106e65246b9767dd81053766bf"
      },
      "downloads": [
        "https://cdn.modrinth.com/data/sMvUb4Rb/versions/e9gaSRMd/createdeco-2.0.3-1.20.1-forge.jar",
        "https://edge.forgecdn.net/files/6373/226/createdeco-2.0.3-1.20.1-forge.jar"
      ],
      "fileSize": 3509013
    },
    {
      "path": "mods/createframed-1.20.1-1.6.5.jar",
      "hashes": {
        "sha1": "5d1d988c30b688501e84d3696aac665fc144e370",
        "sha512": "8a5619c60d7db6f87195c473f5910fbca1ca89f9ad34b2346fef708df905b16e0134f4baff46452aa35b9203fcee60631102ec36257ad84896444234b7bc0cce"
      },
      "downloads": [
        "https://cdn.modrinth.com/data/15fFZ3f4/versions/Xz8wY6gC/createframed-1.20.1-1.6.5.jar",
        "https://edge.forgecdn.net/files/6550/265/createframed-1.20.1-1.6.5.jar"
      ],
      "fileSize": 934652
    },
    {
      "path": "mods/createutilities-0.3.2+1.20.1.jar",
      "hashes": {
        "sha1": "60eff24cdd0f167643e75f14062845c584245e80",
        "sha512": "e1227c62ab1da181fbbd7789897823c9c4c9d52338f405dcfc9e28c1a65bb6ad52461ba3d2e8d266c80dffe387aed4ec3ade7da50301f6338482c46ca1555e75"
      },
      "downloads": [
        "https://cdn.modrinth.com/data/PRHeWeBs/versions/XZ9y3OVL/createutilities-0.3.2%2B1.20.1.jar",
        "https://edge.forgecdn.net/files/6701/786/createutilities-0.3.2%2b1.20.1.jar"
      ],
      "fileSize": 358535
    },
    {
      "path": "mods/create_connected-1.1.7-mc1.20.1-all.jar",
      "hashes": {
        "sha1": "19a6e467dc5e2345c698bfdbe43a7823ff9f7d3f",
        "sha512": "647418a320bf722c280b452df54e78dc5deb351ac586ffb2fb8a89ae4784771c4bd4ee17c16efc15d8d705e299521aaa6150bb9e3ab6962fe1c23312c87d2328"
      },
      "downloads": [
        "https://cdn.modrinth.com/data/Vg5TIO6d/versions/HMzC945H/create_connected-1.1.7-mc1.20.1-all.jar",
        "https://edge.forgecdn.net/files/6685/744/create_connected-1.1.7-mc1.20.1-all.jar"
      ],
      "fileSize": 6564769
    },
    {
      "path": "mods/create_easy_structures-0.2-forge-1.20.1.jar",
      "hashes": {
        "sha1": "cae27a3b20cf7286ae427c319e8b7f507e61043a",
        "sha512": "74ab7a7c50c4099315dba0df6dc9968179b1fdfaa75186ca43a974cd52faa51904b759207693e400b1dc53acf4a7f58d3855ad0cb8ebe5902d8fc4fb3e3ea30b"
      },
      "downloads": [
        "https://cdn.modrinth.com/data/z69Pxatv/versions/eLNGGADr/create_easy_structures-0.2-forge-1.20.1.jar",
        "https://edge.forgecdn.net/files/6323/750/create_easy_structures-0.2-forge-1.20.1.jar"
      ],
      "fileSize": 473508
    },
    {
      "path": "mods/create_misc_and_things_ 1.20.1_4.0A.jar",
      "hashes": {
        "sha1": "c5a6e8ec10bca9c349698afade327ecc3fbbdf17",
        "sha512": "7b49279e49dfba3859b8144b4dbf07fd5b7797cd956c83026d9c2447cbfa5675d796dc335eb8e165d0ac62a9f55b959939c176b77f3c8f0d0a9be5f87d2b6594"
      },
      "downloads": [
        "https://cdn.modrinth.com/data/uWrs8XlB/versions/c7ob4jVD/create_misc_and_things_%201.20.1_4.0A.jar",
        "https://edge.forgecdn.net/files/4735/326/create_misc_and_things_%201.20.1_4.0A.jar"
      ],
      "fileSize": 1014347
    },
    {
      "path": "mods/create_ratatouille-1.20.1-1.3.3fix2.jar",
      "hashes": {
        "sha1": "c80227fa4c2b7d146ac13165024c44d6a36bacac",
        "sha512": "7297553179219fd93096d926b8f20bf75fc5a84b28725ea51e87caabcda68f2420f47ef6a1b88629f79233cf008aa454b4bb74c20545d610898ce402deebca03"
      },
      "downloads": [
        "https://cdn.modrinth.com/data/XM0ifg8q/versions/CRnPBWCe/create_ratatouille-1.20.1-1.3.3fix2.jar",
        "https://edge.forgecdn.net/files/6921/454/create_ratatouille-1.20.1-1.3.3fix2.jar"
      ],
      "fileSize": 869071
    },
    {
      "path": "mods/create_rustic_structures-1.0.0-forge-1.20.1.jar",
      "hashes": {
        "sha1": "591ffb312ba9da52a8554ef7f9377b49432db7f0",
        "sha512": "da5cfbda468d9c50a8e2add637bdd59ccc56a90bc3f89b73036165f8fc17c537c6233b96488c32486ef21822a770e819ad85d69ae0eed5ada91d3cb1c5d4b14e"
      },
      "downloads": [
        "https://cdn.modrinth.com/data/lmbZMkEZ/versions/c7aqxq4b/create_rustic_structures-1.0.0-forge-1.20.1.jar",
        "https://edge.forgecdn.net/files/6372/206/create_rustic_structures-1.0.0-forge-1.20.1.jar"
      ],
      "fileSize": 709658
    },
    {
      "path": "mods/Croptopia-1.20.1-FORGE-3.0.4.jar",
      "hashes": {
        "sha1": "2008e6887b9490c491ddb471e87cfb6d26684dc5",
        "sha512": "a21f2d87d75c27bc10d981eff0cf41a876298b1ed4510a1315879e5f3bd3487af248a1dc0eac8cbd26507a4e809596ac186158b03ce98984d628901b4f9dc4ad"
      },
      "downloads": [
        "https://edge.forgecdn.net/files/4997/459/Croptopia-1.20.1-FORGE-3.0.4.jar"
      ],
      "fileSize": 2099945
    },
    {
      "path": "mods/croptopiadelight-1.3.2.jar",
      "hashes": {
        "sha1": "cd163588421d9fbdf461e9e03151413bbbec8850",
        "sha512": "2417654e0242b8134fae6a8f83a47509e13ae01131d2a8e56f29c0fd512071ef5a17285fb919cc236a189dcead024c1e71bac09e5ef7e1a20e493cac1a1c842c"
      },
      "downloads": [
        "https://cdn.modrinth.com/data/z2Ihxkgp/versions/zLhnr9EI/croptopiadelight-1.3.2.jar",
        "https://edge.forgecdn.net/files/6635/544/croptopiadelight-1.3.2.jar"
      ],
      "fileSize": 86280
    },
    {
      "path": "mods/curios-forge-5.14.1+1.20.1.jar",
      "hashes": {
        "sha1": "452175b95ad3db6ff58bb8968f6bf7a9d1e0f480",
        "sha512": "1373f95fd111c977db2f6adcef8e4eb486a2d926a3e17374692dee4ac3d65857de6446c16922b531aa5ace2c23c666a7fcc28c720b2917c1e04808d15648ba87"
      },
      "downloads": [
        "https://cdn.modrinth.com/data/vvuO3ImH/versions/IPQlZkz1/curios-forge-5.14.1%2B1.20.1.jar",
        "https://edge.forgecdn.net/files/6418/456/curios-forge-5.14.1%2b1.20.1.jar"
      ],
      "fileSize": 398066
    },
    {
      "path": "mods/CustomSkinLoader_ForgeV2-14.25.jar",
      "hashes": {
        "sha1": "8c5851a1df891340a414c6336b348b7c9b0de91f",
        "sha512": "5161089de82fba1dac0d4cfcc12eeedb2b98d7481e87f7c67abcf9c7b877e852df4d5668fb9b2f62fa3e817226a4c16226dc32d97389167aec1ecf8ff50c5eb0"
      },
      "downloads": [
        "https://cdn.modrinth.com/data/idMHQ4n2/versions/CdHgYmem/CustomSkinLoader_ForgeV2-14.25.jar",
        "https://edge.forgecdn.net/files/6863/807/CustomSkinLoader_ForgeV2-14.25.jar"
      ],
      "fileSize": 155413
    },
    {
      "path": "mods/effortless-1.20.1-3.4.0.jar",
      "hashes": {
        "sha1": "22be4fe3debadc2f55f36a2a27c5f1ea6d9f7736",
        "sha512": "26b2b9e914597541eef2e804294189d462da46508e00ed3f67e270c0107420aff0304fd32832deb25928c26c66d98bba5e606a4281e8269717dafa183188a876"
      },
      "downloads": [
        "https://cdn.modrinth.com/data/EF68hjiy/versions/OswWvyth/effortless-1.20.1-3.4.0.jar",
        "https://edge.forgecdn.net/files/6251/939/effortless-1.20.1-3.4.0.jar"
      ],
      "fileSize": 1906064
    },
    {
      "path": "mods/embeddium-0.3.31+mc1.20.1.jar",
      "hashes": {
        "sha1": "bb2fa8f3e493af16af9160d049f96c614a1faf2f",
        "sha512": "ffbf2da4685260a4d5c14c621708bd20722563f084f042d3dfb0a7b87f048e39299648c854a93939129da0d23a15a91ec628560d601e76074b08e275f6e132e9"
      },
      "downloads": [
        "https://cdn.modrinth.com/data/sk9rgfiA/versions/UTbfe5d1/embeddium-0.3.31%2Bmc1.20.1.jar",
        "https://edge.forgecdn.net/files/5681/725/embeddium-0.3.31%2bmc1.20.1.jar"
      ],
      "fileSize": 1320675
    },
    {
      "path": "mods/ends_delight-2.5.1+forge.1.20.1.jar",
      "hashes": {
        "sha1": "535c442625be4bd26ee637cdf7055c30b79a0b65",
        "sha512": "f79e221b92d565186f77e68173592707a4e591a220b345f989a813fc5e8a59320f60ea29a2cf73c77c084ef7859eb0b3913679e6c1a9f0d39b4120b9c42c8a0f"
      },
      "downloads": [
        "https://cdn.modrinth.com/data/yHN0njMr/versions/GNLxPpR2/ends_delight-2.5.1%2Bforge.1.20.1.jar",
        "https://edge.forgecdn.net/files/6180/421/ends_delight-2.5.1%2bforge.1.20.1.jar"
      ],
      "fileSize": 279150
    },
    {
      "path": "mods/EpheroLib-1.20.1-FORGE-1.2.0.jar",
      "hashes": {
        "sha1": "1eca21b906d38321bf60919dd3b12d160e5e6935",
        "sha512": "236c34e058b12f8cce947b20d906d5f7c628c47cb98b56d7613622251867b2477974cecbe58ae71f74149c06b0cc3024984430485e469636de42ae1da71a4abb"
      },
      "downloads": [
        "https://edge.forgecdn.net/files/4889/101/EpheroLib-1.20.1-FORGE-1.2.0.jar"
      ],
      "fileSize": 756864
    },
    {
      "path": "mods/fancymenu_forge_3.7.0_MC_1.20.1.jar",
      "hashes": {
        "sha1": "f33a40f7d33585e781d90d00d156178e369ae8ed",
        "sha512": "00579685f38e30eaeaf2ab01c23ea72b53ef03245e46be35297e0955383e070a92983ec5ca2043592fcf34213d3cf9ae8e82165187da7d3b32d84b65c9d054fa"
      },
      "downloads": [
        "https://cdn.modrinth.com/data/Wq5SjeWM/versions/MbyfTTsz/fancymenu_forge_3.7.0_MC_1.20.1.jar",
        "https://edge.forgecdn.net/files/6918/987/fancymenu_forge_3.7.0_MC_1.20.1.jar"
      ],
      "fileSize": 3628603
    },
    {
      "path": "mods/FarmersDelight-1.20.1-1.2.9.jar",
      "hashes": {
        "sha1": "ca9417c369e75d38dacdac59937223e5f6adcc18",
        "sha512": "b628f9818301788dfba535615dde964e1727b8b3b22884f26df1f8a2b5a11a063f3803de00bc6eb8d148440286d43a29b98352afb33bd447b847c21b870442cb"
      },
      "downloads": [
        "https://cdn.modrinth.com/data/R2OftAxM/versions/8rPF1pFi/FarmersDelight-1.20.1-1.2.9.jar",
        "https://edge.forgecdn.net/files/6917/255/FarmersDelight-1.20.1-1.2.9.jar"
      ],
      "fileSize": 2978080
    },
    {
      "path": "mods/farmersrespite-1.20.1-2.1.2.jar",
      "hashes": {
        "sha1": "9ae5bc246cb1a8f3573ab685a4e9ddfaf869e2de",
        "sha512": "a6969c20c04fcbe378b5088b8f00f02e70d27747bcb2814f642d3f94af67526fbec52db7ebedba524067e63ab5f63a91427f5dfd3cee66dcade1d4c3f40f9fda"
      },
      "downloads": [
        "https://edge.forgecdn.net/files/5543/547/farmersrespite-1.20.1-2.1.2.jar"
      ],
      "fileSize": 537307
    },
    {
      "path": "mods/ferritecore-6.0.1-forge.jar",
      "hashes": {
        "sha1": "417fb6ce8f52abf40bd9d0390371790f9576f8ba",
        "sha512": "a1960a7c03dc32d4ccaccaf28afdd9b078758bbd62d15a91d4039a83fa9397a098e89b69591f6bd5190254d9ee97e502504154b9aec764adb8c65f000b75ba2c"
      },
      "downloads": [
        "https://cdn.modrinth.com/data/uXXizFIs/versions/DG5Fn9Sz/ferritecore-6.0.1-forge.jar",
        "https://edge.forgecdn.net/files/4810/975/ferritecore-6.0.1-forge.jar"
      ],
      "fileSize": 123034
    },
    {
      "path": "mods/ftb-essentials-forge-2001.2.3.jar",
      "hashes": {
        "sha1": "460ec092156d6b457bd91dc463ac1ee49e22442d",
        "sha512": "757d0be9a356ed7852a22af51b7057144119a94c384792392d2516d46f4d3a5f6b8c672c5f907c450475a365c468ea7175a469a19cf989f7af3b5336b42b52e7"
      },
      "downloads": [
        "https://edge.forgecdn.net/files/6555/287/ftb-essentials-forge-2001.2.3.jar"
      ],
      "fileSize": 156203
    },
    {
      "path": "mods/ftb-filter-system-forge-20.0.1.jar",
      "hashes": {
        "sha1": "812de9759fe87cb405e14cbb0fe5b72a7ee11f42",
        "sha512": "4344015842a0bec06ad25751d2dd7f63bf0c2d9346b1dee272fd3183a8bf2a6c30c9e3c0141bf586fe1b0f2add34c918e46119b8f9ef0a1d0ba127785c026211"
      },
      "downloads": [
        "https://edge.forgecdn.net/files/6466/153/ftb-filter-system-forge-20.0.1.jar"
      ],
      "fileSize": 197884
    },
    {
      "path": "mods/ftb-library-forge-2001.2.10.jar",
      "hashes": {
        "sha1": "9472bb30d0e38cb774b9cc7852bdd8dbf845622b",
        "sha512": "4238fab05d4fd6406f77e4b032e3a38d7d29e08681d4082538acc33a885ef51e7443c45e120cd48b86f830ca28dae928b0199bd79590d231fc9bda172bcb3d05"
      },
      "downloads": [
        "https://edge.forgecdn.net/files/6807/424/ftb-library-forge-2001.2.10.jar"
      ],
      "fileSize": 791875
    },
    {
      "path": "mods/ftb-quests-forge-2001.4.14.jar",
      "hashes": {
        "sha1": "479d9ad654984f5cedf23c14a311f3cff4efbcb7",
        "sha512": "91a442d7f4929f216b7c572ae02f032119d61dfaf9cd366114f27ae77fb2656f6a3fcfe64d4ac4ec47d5893179aa2d3d3906cc277710be79882eade54c4c1d8a"
      },
      "downloads": [
        "https://edge.forgecdn.net/files/6829/212/ftb-quests-forge-2001.4.14.jar"
      ],
      "fileSize": 1222711
    },
    {
      "path": "mods/ftb-teams-forge-2001.3.1.jar",
      "hashes": {
        "sha1": "c2af94e0b86631cb75daa8de2377ff72527651ca",
        "sha512": "2cb200d5197e5baafa9e13e5c594a717c4f90aa17134e33207139f2280be5d2703e56139d24c96df643633c527c69d5bc5c9162ee929291ddd070b5e06a60003"
      },
      "downloads": [
        "https://edge.forgecdn.net/files/6130/786/ftb-teams-forge-2001.3.1.jar"
      ],
      "fileSize": 248592
    },
    {
      "path": "mods/ftb-xmod-compat-forge-2.1.3.jar",
      "hashes": {
        "sha1": "0584f628d2bc6a612d79dee368324357ebae1423",
        "sha512": "4eb5aba1aff66721d19e54ceb40863684d0caab0735a9dcc04df86804ffcc19454f88ff89eb000db166aae2c1ef53ddbdadf61a62814db227638a8e86d37f2b9"
      },
      "downloads": [
        "https://edge.forgecdn.net/files/6402/486/ftb-xmod-compat-forge-2.1.3.jar"
      ],
      "fileSize": 129725
    },
    {
      "path": "mods/fusion-1.2.11a-forge-mc1.20.1.jar",
      "hashes": {
        "sha1": "d356430ff9fe588998f4b85eb3a6b5b0e57e2b85",
        "sha512": "825a5e40cbef69f2b346d6b15a9bdd1bd6129bd9ea165651326826e37d9ca54c073d5c4da090cb76c043bd15de8fa37ca26076a99f0f22a511f954a22d792f81"
      },
      "downloads": [
        "https://cdn.modrinth.com/data/p19vrgc2/versions/QQQGRmiY/fusion-1.2.11a-forge-mc1.20.1.jar",
        "https://edge.forgecdn.net/files/6923/652/fusion-1.2.11a-forge-mc1.20.1.jar"
      ],
      "fileSize": 544250
    },
    {
      "path": "mods/IMBlocker-5.4.3.1-forge+1.17-1.20.4.jar",
      "hashes": {
        "sha1": "ae845b48b59b7bc6ecca7c11ba842ec6ce90b1be",
        "sha512": "c6651673b81011fb8c7165b7941871060d3217894ac9dcc83c52efe4f99033a53e866abed0c0c9cd43a7f6c60e72b655ebb0e43673175fa126563c20095a39a8"
      },
      "downloads": [
        "https://cdn.modrinth.com/data/WMDesFsZ/versions/vqhzTeuW/IMBlocker-5.4.3.1-forge%2B1.17-1.20.4.jar",
        "https://edge.forgecdn.net/files/6922/546/IMBlocker-5.4.3.1-forge%2b1.17-1.20.4.jar"
      ],
      "fileSize": 161977
    },
    {
      "path": "mods/ImmersiveEngineering-1.20.1-10.2.0-183.jar",
      "hashes": {
        "sha1": "b6e403e0e5be1802268be366ad1a7791f07fb793",
        "sha512": "fdb52fb1faf5522c97820480e436216114c931672d3b0ff1c26c64a5bfd350d3599df31dcb14a5dba49236d8fac3d99b4bb96b0a84d55443e282754d687536f7"
      },
      "downloads": [
        "https://cdn.modrinth.com/data/tIm2nV03/versions/WUzj4tgJ/ImmersiveEngineering-1.20.1-10.2.0-183.jar",
        "https://edge.forgecdn.net/files/6206/989/ImmersiveEngineering-1.20.1-10.2.0-183.jar"
      ],
      "fileSize": 12129396
    },
    {
      "path": "mods/immersive_aircraft-1.3.3+1.20.1-forge.jar",
      "hashes": {
        "sha1": "0749b5c005eafdcf5c8a19760c5c64b3cb021633",
        "sha512": "7b74442e161bb74538e0d8da34a81616daeea56a0da62db86113a78b3bf3c2b3a6b0e12f12454fd7c96092762f6b212ba57cb87eb1af2b242a4d5df4eca03055"
      },
      "downloads": [
        "https://cdn.modrinth.com/data/x3HZvrj6/versions/GsVmbbkj/immersive_aircraft-1.3.3%2B1.20.1-forge.jar",
        "https://edge.forgecdn.net/files/6742/170/immersive_aircraft-1.3.3%2b1.20.1-forge.jar"
      ],
      "fileSize": 2391382
    },
    {
      "path": "mods/inventoryhud.forge.1.20.1-3.4.26.jar",
      "hashes": {
        "sha1": "f0adda10a3d6549e6dfdffd41e72270c61c8a302",
        "sha512": "69698f4b505d070b097fab6b7bde508f8de138137f5825ed6601601a02b3a8876a4ad2f93f25667a6579367dd20dc3a5ae0465a4957bd5740a12668d6b3ad725"
      },
      "downloads": [
        "https://edge.forgecdn.net/files/5639/966/inventoryhud.forge.1.20.1-3.4.26.jar"
      ],
      "fileSize": 238088
    },
    {
      "path": "mods/InventoryProfilesNext-forge-1.20-1.10.18.jar",
      "hashes": {
        "sha1": "e19a747d75338884b3b5fcc76e0feed3986749f2",
        "sha512": "fc91a4a0fa69f5dc185ad985bb04e6d29778d7f6d61407961f02dfa227371556371e01ad72e83b9e9f0e50d09026b88dc4e47a566f02aab8367f47650892b495"
      },
      "downloads": [
        "https://cdn.modrinth.com/data/O7RBXm3n/versions/zfMAJhHq/InventoryProfilesNext-forge-1.20-1.10.18.jar",
        "https://edge.forgecdn.net/files/6870/340/InventoryProfilesNext-forge-1.20-1.10.18.jar"
      ],
      "fileSize": 1428965
    },
    {
      "path": "mods/item-filters-forge-2001.1.0-build.59.jar",
      "hashes": {
        "sha1": "55a7f032c59489eca96069a7841601de2ff97590",
        "sha512": "b11730067f1ed58347966cbaf1373bb3b0f762754517192e5f57577cf3d0c5ddc8107d20b69020c5e0fddeab0bc21138935181b102686675672302c6529ba61c"
      },
      "downloads": [
        "https://edge.forgecdn.net/files/4838/266/item-filters-forge-2001.1.0-build.59.jar"
      ],
      "fileSize": 110191
    },
    {
      "path": "mods/Jade-1.20.1-Forge-11.13.2.jar",
      "hashes": {
        "sha1": "1997e5fe2db3a0575ca79bfe4720019f01fd2b8c",
        "sha512": "612c7535d28ae0cb336f31b790770b3dcb5173d496fb74eabcb28d06e3b88e72733128060cefc4ae4147cce528a8e8c09688a36d8f9e11dbf77e93d89b743560"
      },
      "downloads": [
        "https://cdn.modrinth.com/data/nvQzSEkH/versions/LecuGude/Jade-1.20.1-Forge-11.13.2.jar",
        "https://edge.forgecdn.net/files/6855/440/Jade-1.20.1-Forge-11.13.2.jar"
      ],
      "fileSize": 552486
    },
    {
      "path": "mods/jecharacters-1.20.1-forge-4.5.16.jar",
      "hashes": {
        "sha1": "7c1dab6846807ae5e6a4ac6ac02b71e81d3c1502",
        "sha512": "bd308511ab9f90e1bafef0b9b256982755c33e2e0a8eefb80022df16d90b8a8c26d009680d302c1c9b4d73a7035578af592c899c4f5fb3f7f6781fca72b40816"
      },
      "downloads": [
        "https://cdn.modrinth.com/data/I7k4B65h/versions/lNBZNQmX/jecharacters-1.20.1-forge-4.5.16.jar",
        "https://edge.forgecdn.net/files/6680/42/jecharacters-1.20.1-forge-4.5.16.jar"
      ],
      "fileSize": 260612
    },
    {
      "path": "mods/jei-1.20.1-forge-15.20.0.112.jar",
      "hashes": {
        "sha1": "f12b3781af6337794ae6e010420a97585360ea2f",
        "sha512": "12e3d1ff7cc7db7bb8fef6fe1fbc5136ccd80b5094f47d6cd08119368aec72a967d372caa8d786a4f6782c8ee70a109628f0942bb62736352cf4121d21e1b36b"
      },
      "downloads": [
        "https://cdn.modrinth.com/data/u6dRKJwZ/versions/4r3Kp7U7/jei-1.20.1-forge-15.20.0.112.jar",
        "https://edge.forgecdn.net/files/6600/311/jei-1.20.1-forge-15.20.0.112.jar"
      ],
      "fileSize": 1385600
    },
    {
      "path": "mods/kjsprojecte-1.20.1-1.0.jar",
      "hashes": {
        "sha1": "c1745dc84b78d251dee16c24d3f7399c6a329ae3",
        "sha512": "d205820899aa80c6cb67cb6e93a47b0e86786690715e5873b31f0e62b6de4543e20194ab4b1771dd09a9abeb4d9e7705d272cf31727a3d7dc0bfc58ea2c44172"
      },
      "downloads": [
        "https://cdn.modrinth.com/data/2M11Juic/versions/KLeYooZr/kjsprojecte-1.20.1-1.0.jar",
        "https://edge.forgecdn.net/files/5529/566/kjsprojecte-1.20.1-1.0.jar"
      ],
      "fileSize": 10972
    },
    {
      "path": "mods/konkrete_forge_1.8.0_MC_1.20-1.20.1.jar",
      "hashes": {
        "sha1": "2019d821bed9071daabed43979433a5473ceee49",
        "sha512": "df79a0c64da14ca2b27dc04a72d85ce5c8e7c498e7b72da4d7bfddd592bb4bac165e70afe33fac97446e4996fffd8003350df07ede2a77233dddec77b8ff0ee7"
      },
      "downloads": [
        "https://cdn.modrinth.com/data/J81TRJWm/versions/skYziQQL/konkrete_forge_1.8.0_MC_1.20-1.20.1.jar",
        "https://edge.forgecdn.net/files/5028/413/konkrete_forge_1.8.0_MC_1.20-1.20.1.jar"
      ],
      "fileSize": 625185
    },
    {
      "path": "mods/kotlinforforge-4.11.0-all.jar",
      "hashes": {
        "sha1": "1fd8acfd75a2be2dc3cdcc7e816482b2e427d6e5",
        "sha512": "d72707078f0c4fde78981c638ca976722f22a64ce74bdb489258790fe9886d763a7b1e0dfbc5429ddd3105d8a65d177f06242dfb1457e219e56c70dd3e8cbf2c"
      },
      "downloads": [
        "https://cdn.modrinth.com/data/ordsPcFz/versions/hmeyC41q/kotlinforforge-4.11.0-all.jar",
        "https://edge.forgecdn.net/files/5402/61/kotlinforforge-4.11.0-all.jar"
      ],
      "fileSize": 7193768
    },
    {
      "path": "mods/kubejs-create-forge-2001.3.0-build.8.jar",
      "hashes": {
        "sha1": "cbeb6643d1cea979a7e01c87cfb08b9210a1c393",
        "sha512": "1c6fa2b3dc52683bdf124ebfc507ad5adb5f1ceb147181466be4e495bc6eab1411976911477df538369ff2529607cb73bf3b4a05a8ed2f24804f4891d7635981"
      },
      "downloads": [
        "https://cdn.modrinth.com/data/T38eAZQC/versions/5vppyenb/kubejs-create-forge-2001.3.0-build.8.jar",
        "https://edge.forgecdn.net/files/6265/498/kubejs-create-forge-2001.3.0-build.8.jar"
      ],
      "fileSize": 30960
    },
    {
      "path": "mods/kubejs-forge-2001.6.5-build.16.jar",
      "hashes": {
        "sha1": "93fcf0eacc5dc08a4f719eaaed1dc93f0dc80f66",
        "sha512": "819f730d2a9d980bb246d30d67793f06f6a1608381c7ce3577cf25e70dd3d595271f8fcfbf3ae037168842f660e79e49846756bd18c79793b310ff18ab826cbd"
      },
      "downloads": [
        "https://cdn.modrinth.com/data/umyGl7zF/versions/g5igndAv/kubejs-forge-2001.6.5-build.16.jar",
        "https://edge.forgecdn.net/files/5853/326/kubejs-forge-2001.6.5-build.16.jar"
      ],
      "fileSize": 1654660
    },
    {
      "path": "mods/kubejs-immersive-engineering-2001.5.29-build.23.jar",
      "hashes": {
        "sha1": "aa319636e1de4ce92a982a9fda1a954ed71f03a7",
        "sha512": "78f90783565494b8b9c5826c3efca92711bcd5d06de04d9874f9575ef5316fcf9a7895a3164d32987cd4da7e386d8b7a0dc790616c651a157a101466e822c676"
      },
      "downloads": [
        "https://edge.forgecdn.net/files/6593/605/kubejs-immersive-engineering-2001.5.29-build.23.jar"
      ],
      "fileSize": 52601
    },
    {
      "path": "mods/kubejs-mekanism-forge-2001.1.5.1-build.2.jar",
      "hashes": {
        "sha1": "d16736c07c210f41d4987a95c26f439bb5121d14",
        "sha512": "02741e1725957acef0117e139e491f878bd3986716e51896ca9186f8776544df3c531822887661095a8b5e23f799144c4a1cf8a22144df774ea88a03cf0777ac"
      },
      "downloads": [
        "https://edge.forgecdn.net/files/5532/573/kubejs-mekanism-forge-2001.1.5.1-build.2.jar"
      ],
      "fileSize": 72456
    },
    {
      "path": "mods/kubejsdelight-1.1.2.jar",
      "hashes": {
        "sha1": "198fb6534973e04c353287de7234df557834ddc8",
        "sha512": "bcee04661e747bd7993a6711bddc2a5ab13d5e10eb1e2d0c851ccad377473a16cb84962952270b6dfd396bd446bbbb5b494feb51a1dca0b2df818729ad43fca6"
      },
      "downloads": [
        "https://edge.forgecdn.net/files/5586/257/kubejsdelight-1.1.2.jar"
      ],
      "fileSize": 13371
    },
    {
      "path": "mods/kubejs_curios_forge_1.20.1-1.0.4.jar",
      "hashes": {
        "sha1": "e09eb503cfb62fec1264321dc605cbcace5a58c9",
        "sha512": "cb0ca7e30c45c970f3b150a1704d968f638918fb808a256660592011a295b9a16405d3c73504d852a3feb54568843f2f709f69ae69f631f027c74bc5dfddab3e"
      },
      "downloads": [
        "https://edge.forgecdn.net/files/6825/88/kubejs_curios_forge_1.20.1-1.0.4.jar"
      ],
      "fileSize": 42322
    },
    {
      "path": "mods/libIPN-forge-1.20-4.0.2.jar",
      "hashes": {
        "sha1": "3e7c7fcdc037a6ae3d9146e718d87fc83f88f6d5",
        "sha512": "be677ed6dd4aa60a67ec1b83c89db8ed7460c34f54e5783df94245b9e0a5af9d3e12ebb322cb04210dfaa6527ad1e555a998931adfd69c5a4c57ac0e4dc15819"
      },
      "downloads": [
        "https://cdn.modrinth.com/data/onSQdWhM/versions/pdAXmKcS/libIPN-forge-1.20-4.0.2.jar",
        "https://edge.forgecdn.net/files/5208/511/libIPN-forge-1.20-4.0.2.jar"
      ],
      "fileSize": 693301
    },
    {
      "path": "mods/lionfishapi-2.4-Fix.jar",
      "hashes": {
        "sha1": "b198f38fb27dfc6db490b496d56aa1622d5a5b87",
        "sha512": "0d01df4c114ee86583d5bca12083ce49f68f19a5b3d6b78efb855eff91e6bfaf653693112b043923d064fff702bea41170710bcfdc0011dec2b223abe6a0953f"
      },
      "downloads": [
        "https://edge.forgecdn.net/files/5922/47/lionfishapi-2.4-Fix.jar"
      ],
      "fileSize": 162767
    },
    {
      "path": "mods/lradd-1.20.1-0.3.0.jar",
      "hashes": {
        "sha1": "3a3bd40a41cbabe8ae2b124ba6d53f54e42e330e",
        "sha512": "ddc0f6618ab474e92931db65d3f1715c7520325e1829c357fb31e448abd94406b34bdf2ad818e4c99c52e2b069e8659947487028819983d26e1435e3c9c0bd5f"
      },
      "downloads": [
        "https://cdn.modrinth.com/data/vWxaCnwP/versions/KbReepVU/lradd-1.20.1-0.3.0.jar",
        "https://edge.forgecdn.net/files/6597/881/lradd-1.20.1-0.3.0.jar"
      ],
      "fileSize": 42492650
    },
    {
      "path": "mods/L_Enders_Cataclysm-3.16.jar",
      "hashes": {
        "sha1": "25d84c486a817ba54362ea1f4b82b6d3802cc074",
        "sha512": "772ea9def8393a8376b332af5199844281f7f272fec1a73b28b9b477dc574d6820b541aac1cde6801b5cac05dfa4e622d2ab49c02c1e21acc9550a58ec5eadc6"
      },
      "downloads": [
        "https://cdn.modrinth.com/data/46KJle7n/versions/NvvXful4/L_Enders_Cataclysm-3.16.jar",
        "https://edge.forgecdn.net/files/6906/993/L_Enders_Cataclysm-3.16.jar"
      ],
      "fileSize": 127993805
    },
    {
      "path": "mods/MaFgLib-0.1.14-mc1.20.1.jar",
      "hashes": {
        "sha1": "fd18a3d8a9a72ee27cbb709a88c061b2347d2244",
        "sha512": "ae4cc220f47843fe40c2352c3fa96cc03429a244c76a4d02259d88c807f4e95897630731cdbaf8ea6e2dcc3f4a944a8214ed52a3834435466793471448c982ec"
      },
      "downloads": [
        "https://cdn.modrinth.com/data/SKI34J7B/versions/adXONMb5/MaFgLib-0.1.14-mc1.20.1.jar",
        "https://edge.forgecdn.net/files/6763/273/MaFgLib-0.1.14-mc1.20.1.jar"
      ],
      "fileSize": 521709
    },
    {
      "path": "mods/Mantle-1.20.1-1.11.79.jar",
      "hashes": {
        "sha1": "db1ab527fcc48852775e01f9504c7a3ec3083743",
        "sha512": "65042445a59c0c439abd7200f81f4f35b1f700969ff0d2665582e8947c7391880cf1ff349375dbeb8d9ed68c8b19baf3c80c89f72327816b42539a5d0b3a237d"
      },
      "downloads": [
        "https://cdn.modrinth.com/data/Cg6Uc79H/versions/ATZFAPLK/Mantle-1.20.1-1.11.79.jar",
        "https://edge.forgecdn.net/files/6819/217/Mantle-1.20.1-1.11.79.jar"
      ],
      "fileSize": 1480444
    },
    {
      "path": "mods/Mekanism-1.20.1-10.4.16.80.jar",
      "hashes": {
        "sha1": "b7f12ae710888b01746507a0aa8cb375f5897158",
        "sha512": "a838bb3fa5550ba3589a81005fde2ca04b5d33417ae65a8060bbc46ba948dec2d16ab0871a55e73e0ca39651b33814eb508b5b85d337e6ed8874b79383f3e6f0"
      },
      "downloads": [
        "https://cdn.modrinth.com/data/Ce6I4WUE/versions/uxe1WQp4/Mekanism-1.20.1-10.4.16.80.jar",
        "https://edge.forgecdn.net/files/6552/911/Mekanism-1.20.1-10.4.16.80.jar"
      ],
      "fileSize": 12558456
    },
    {
      "path": "mods/MekanismGenerators-1.20.1-10.4.16.80.jar",
      "hashes": {
        "sha1": "53fa707fd204ca1dd099a08995c2197145ff9a36",
        "sha512": "f377ddd719cc5df6b09c81b16467da5ca6645237270c6f81556304585ebaee79030613783418a7b100ed6695857d17ce2d83ecfd123abf309e78ea3c0c2d1d12"
      },
      "downloads": [
        "https://cdn.modrinth.com/data/OFVYKsAk/versions/Th4Czz4N/MekanismGenerators-1.20.1-10.4.16.80.jar",
        "https://edge.forgecdn.net/files/6552/914/MekanismGenerators-1.20.1-10.4.16.80.jar"
      ],
      "fileSize": 1054586
    },
    {
      "path": "mods/melody_forge_1.0.3_MC_1.20.1-1.20.4.jar",
      "hashes": {
        "sha1": "e0942d396a70c09038e6c2e5e1da6505178249b8",
        "sha512": "43c60d0cb98b1642d663e3cea68d50c01e9be82361851bf40c5c869e6593499aaf4b410d891d07a083f3c4b2df7fc06b2f8fbaa3c661a5061d46e250c017d30f"
      },
      "downloads": [
        "https://cdn.modrinth.com/data/CVT4pFB2/versions/lJlW5r8R/melody_forge_1.0.3_MC_1.20.1-1.20.4.jar",
        "https://edge.forgecdn.net/files/5109/692/melody_forge_1.0.3_MC_1.20.1-1.20.4.jar"
      ],
      "fileSize": 37178
    },
    {
      "path": "mods/ModernUI-Forge-1.20.1-3.11.1.6-universal.jar",
      "hashes": {
        "sha1": "3bfee05da6f51a239f644dc37c56c13dd8a1c326",
        "sha512": "a9589a4ee47941bf52b8c79dfb96887bcafab72ddb789f7a2ce1d540f3d1e231bb2dc0d1754d420860a20e5f80f018079b10fb41189d565da8313079e57535da"
      },
      "downloads": [
        "https://cdn.modrinth.com/data/3sjzyvGR/versions/bFqOmRXG/ModernUI-Forge-1.20.1-3.11.1.6-universal.jar",
        "https://edge.forgecdn.net/files/6199/942/ModernUI-Forge-1.20.1-3.11.1.6-universal.jar"
      ],
      "fileSize": 25745365
    },
    {
      "path": "mods/moonlight-1.20-2.16.5-forge.jar",
      "hashes": {
        "sha1": "461b979a7c1f100a17af4558910f34f259bb56b2",
        "sha512": "c160493b99be1fab942f7eb64c491985d51a72c16dbda18c345fd14cbf8cfb0bd899c1b7627714e507f079a68bf1917b4d4e407340c2ff3b44359e1996e6c2d7"
      },
      "downloads": [
        "https://cdn.modrinth.com/data/twkfQtEc/versions/uiOJ4NEz/moonlight-1.20-2.16.5-forge.jar",
        "https://edge.forgecdn.net/files/6902/841/moonlight-1.20-2.16.5-forge.jar"
      ],
      "fileSize": 1326648
    },
    {
      "path": "mods/NaturesCompass-1.20.1-1.11.2-forge.jar",
      "hashes": {
        "sha1": "31ae930cdbb34e8e05e1954cfb2fee3a3813e850",
        "sha512": "7a2a9e9e91f9d2093d94c42ed056bca4048f39ba45b233415b6d1874986b5848a82826873ccc2b38abccbdf5652f2e217482354c66434ed1b93df8971cb0bea3"
      },
      "downloads": [
        "https://cdn.modrinth.com/data/fPetb5Kh/versions/Og40jCNX/NaturesCompass-1.20.1-1.11.2-forge.jar",
        "https://edge.forgecdn.net/files/4712/189/NaturesCompass-1.20.1-1.11.2-forge.jar"
      ],
      "fileSize": 215119
    },
    {
      "path": "mods/nethersdelight-1.20.1-4.0.jar",
      "hashes": {
        "sha1": "c6da9c681bf2ec1d7b3e96db739c2b1113f6b838",
        "sha512": "3146b9438caac5e148748beed7e7f1a5e446c40ca826e476e46fb623175b2bd58c1f4a74cab4a08dd1749add5d088440217ad68dd0b800d1ac8938582d2e81b9"
      },
      "downloads": [
        "https://cdn.modrinth.com/data/Vv0RM7WN/versions/MTDQhZd2/nethersdelight-1.20.1-4.0.jar",
        "https://edge.forgecdn.net/files/4736/227/nethersdelight-1.20.1-4.0.jar"
      ],
      "fileSize": 366047
    },
    {
      "path": "mods/oculus-mc1.20.1-1.8.0.jar",
      "hashes": {
        "sha1": "984f774e71790deaec674c7587bd24e0711871b2",
        "sha512": "1bb4ac77400d6684347988ed298a692c2cb15cf7923693607eb8739b171a20fef7412259e9e157111d9ce21779badab386029956f7d2283a9e611722a373e9d5"
      },
      "downloads": [
        "https://cdn.modrinth.com/data/GchcoXML/versions/iQ1SwGc3/oculus-mc1.20.1-1.8.0.jar",
        "https://edge.forgecdn.net/files/6020/952/oculus-mc1.20.1-1.8.0.jar"
      ],
      "fileSize": 2851119
    },
    {
      "path": "mods/Patchouli-1.20.1-84.1-FORGE.jar",
      "hashes": {
        "sha1": "e91d2e2f251375d647d592b670ea6f310c2554eb",
        "sha512": "d87143ae5dc979e8d65dd35ff0916077a355c503c4a906bed0d9dbe600ff0602e5296800cbdf2260d47033f664691b54e1b18a1b9835339c4e13d69fc4251f1b"
      },
      "downloads": [
        "https://cdn.modrinth.com/data/nU0bVIaL/versions/8Qyw08ld/Patchouli-1.20.1-84.1-FORGE.jar",
        "https://edge.forgecdn.net/files/6164/575/Patchouli-1.20.1-84.1-FORGE.jar"
      ],
      "fileSize": 642711
    },
    {
      "path": "mods/polymorph-forge-0.49.10+1.20.1.jar",
      "hashes": {
        "sha1": "e4afd6f512cc06311320357ed974cee586e031c3",
        "sha512": "c36b4c3b893fa01619cf03750878913f37b59854282cd25ff61a8a81da59f0d8f0cb42da8da1e2ab20d0d86f8e0ad6e9bdf69925d1336a03fd23dbf9b232fe87"
      },
      "downloads": [
        "https://cdn.modrinth.com/data/tagwiZkJ/versions/UZBKtFyR/polymorph-forge-0.49.10%2B1.20.1.jar",
        "https://edge.forgecdn.net/files/6450/982/polymorph-forge-0.49.10%2b1.20.1.jar"
      ],
      "fileSize": 299601
    },
    {
      "path": "mods/probejs-6.0.1-forge.jar",
      "hashes": {
        "sha1": "5380211b1c2891f454a136545721526b184d8513",
        "sha512": "d657e32a31f4c434287867e1f0f94c8435ee70811d961d82d017e7bcfedd2e71198e90f3f60655bd475b2bf08204e8908a9d057cc4a409b5a77964620dc517b5"
      },
      "downloads": [
        "https://edge.forgecdn.net/files/5227/399/probejs-6.0.1-forge.jar"
      ],
      "fileSize": 2365466
    },
    {
      "path": "mods/ProjectE-1.20.1-PE1.0.1.jar",
      "hashes": {
        "sha1": "affd130b8a77e60dd7d7f7f3621d0182d82d13e1",
        "sha512": "e9e1f01b227b0e001d8ed8cd6060e4bdda99ec7caa18f1e0f226dc79bf2c6ad5925a57d13d3459223a5ab717e2dbcbaa3d183fc79dfcce0c60bbc43e241ce084"
      },
      "downloads": [
        "https://edge.forgecdn.net/files/4901/949/ProjectE-1.20.1-PE1.0.1.jar"
      ],
      "fileSize": 2257347
    },
    {
      "path": "mods/ProjectE_Integration-1.20.1-7.2.5.jar",
      "hashes": {
        "sha1": "d4508aa6f5dbbdf93fd627c0b012e32fd85defc9",
        "sha512": "106b08e6d5f4806a1ae210262ec19c5df68e722019124b776cca86ef8278ba12f9e23725d00e2723f2737568316e96c74547d72c938ec2fd353cc8c7ffbf0f37"
      },
      "downloads": [
        "https://cdn.modrinth.com/data/V8sT0HfM/versions/MxlyJleI/ProjectE_Integration-1.20.1-7.2.5.jar",
        "https://edge.forgecdn.net/files/5742/253/ProjectE_Integration-1.20.1-7.2.5.jar"
      ],
      "fileSize": 240279
    },
    {
      "path": "mods/questsadditions-1.4.7.jar",
      "hashes": {
        "sha1": "789aeefff75e389bd311cff9ccfe422493dfe694",
        "sha512": "7d5fbab2ca3f198dc4d24663c7c1a18fdb447c326bc6b9886df43873ca90f50edb28a2bc1998e44337e54e510cab5d9e15d67908a50dadb5d5052d57c7fefaae"
      },
      "downloads": [
        "https://edge.forgecdn.net/files/6004/490/questsadditions-1.4.7.jar"
      ],
      "fileSize": 112015
    },
    {
      "path": "mods/rhino-forge-2001.2.3-build.10.jar",
      "hashes": {
        "sha1": "c83c9b719a6bab33fbd2b3f2f680eb3adbfc1aa1",
        "sha512": "4eb6a635f3eff3baa158539bd55344421cf69b15e28f7da8bf55f370a11c071f3525063a6f81b67fbfca550ad8aaab7e6208df87f65ca6ed2851edd46f032b58"
      },
      "downloads": [
        "https://cdn.modrinth.com/data/sk9knFPE/versions/uNALdylI/rhino-forge-2001.2.3-build.10.jar",
        "https://edge.forgecdn.net/files/6186/971/rhino-forge-2001.2.3-build.10.jar"
      ],
      "fileSize": 1798244
    },
    {
      "path": "mods/sophisticatedbackpacks-1.20.1-3.23.26.1315.jar",
      "hashes": {
        "sha1": "5ef49648bdd8c357c6dbd37b470df4be8d6da1d2",
        "sha512": "a7f654d5e941130ae05d6da59a51d38071fd1725f503aa622224f7b8ccffaf39011465dc309b7529b4ece8ea1680680e91fbff968a4c29c9ed12528cb34b4b9a"
      },
      "downloads": [
        "https://edge.forgecdn.net/files/6907/756/sophisticatedbackpacks-1.20.1-3.23.26.1315.jar"
      ],
      "fileSize": 935690
    },
    {
      "path": "mods/sophisticatedcore-1.20.1-1.2.81.1091.jar",
      "hashes": {
        "sha1": "86baecc9b4b4354889143f4a207ee67a30cf84d0",
        "sha512": "d0eaa86e71885a7bb2dfe508e08ee7f14da98d7db388ef4b08e3cb1215991ecb8664337b50fd02fc51d63558975894e996f4b38611758210ac432cada12e7b8f"
      },
      "downloads": [
        "https://edge.forgecdn.net/files/6896/721/sophisticatedcore-1.20.1-1.2.81.1091.jar"
      ],
      "fileSize": 1340139
    },
    {
      "path": "mods/sophisticatedstorage-1.20.1-1.3.62.1236.jar",
      "hashes": {
        "sha1": "802f3223beeacf7c9eba7118381206fc2f4ab273",
        "sha512": "29a8086d588d3c7862b78b76567f0e31913700262df8c5bfed5c568a7cb05f6a7eb8a50592e400c3908c23fe874574eb249f2da2e9ebf157e338f783a1d4aefb"
      },
      "downloads": [
        "https://edge.forgecdn.net/files/6912/200/sophisticatedstorage-1.20.1-1.3.62.1236.jar"
      ],
      "fileSize": 1618847
    },
    {
      "path": "mods/supplementaries-1.20-3.1.37.jar",
      "hashes": {
        "sha1": "b5c6518b97c4ce0c70a2065090ba91e6d3b6115b",
        "sha512": "664eded3f25c1264004e98979afe1817e750ff8d33d549b3303d126cbe64a1e269de6486abf03c2ccbc8890bada483ab63d0bc3b7f2462b8567236c16a7e5f97"
      },
      "downloads": [
        "https://cdn.modrinth.com/data/fFEIiSDQ/versions/FIy84Umq/supplementaries-1.20-3.1.37.jar",
        "https://edge.forgecdn.net/files/6889/3/supplementaries-1.20-3.1.37.jar"
      ],
      "fileSize": 13647512
    },
    {
      "path": "mods/tacz-1.20.1-1.1.6-hotfix.jar",
      "hashes": {
        "sha1": "e951d81b5f452bcad47c20d5b491fd26f8de8ce2",
        "sha512": "2db28186cc436b2e163db822dc0632fc32d5080adea3b3a0f891255cefe007ec029acd1e477f01adf5db8de7f79d14d4afa67c31a53b8c5ceaf00ce72b5de501"
      },
      "downloads": [
        "https://cdn.modrinth.com/data/SzzJttH8/versions/quyywMZF/tacz-1.20.1-1.1.6-hotfix.jar",
        "https://edge.forgecdn.net/files/6654/541/tacz-1.20.1-1.1.6-hotfix.jar"
      ],
      "fileSize": 47826468
    },
    {
      "path": "mods/TConstruct-1.20.1-3.10.2.92.jar",
      "hashes": {
        "sha1": "74cc057cc01fdb0186504d71623b5811bbe705f9",
        "sha512": "a2d2df3e886560f54ec26eb434362a03e5e14cdf50de32ad887d2a661e4ae1571f3a27b7808b5a6c76332a2fb7776040e3efaa8cc955815d68d56ac5ee619588"
      },
      "downloads": [
        "https://cdn.modrinth.com/data/rxIIYO6c/versions/FGU09YgL/TConstruct-1.20.1-3.10.2.92.jar",
        "https://edge.forgecdn.net/files/6777/68/TConstruct-1.20.1-3.10.2.92.jar"
      ],
      "fileSize": 19792115
    },
    {
      "path": "mods/ThirstWasTaken-1.20.1-1.4.0.jar",
      "hashes": {
        "sha1": "de1c5adad2a77c7f6e168f2df6e7b82d9c3db719",
        "sha512": "682e4f44253ad670af2b29b0cf35be79c24de131489fe09b53364990521ce84e4ffa9aa4b9225f69e642920f8a237cc314c45a9161fd75e9016f2b72f4994113"
      },
      "downloads": [
        "https://cdn.modrinth.com/data/iUheEnjm/versions/v0d2UK5F/ThirstWasTaken-1.20.1-1.4.0.jar",
        "https://edge.forgecdn.net/files/6660/408/ThirstWasTaken-1.20.1-1.4.0.jar"
      ],
      "fileSize": 220762
    },
    {
      "path": "mods/Tweakerge-0.1.5-mc1.20.1.jar",
      "hashes": {
        "sha1": "6b0eaf253e42e90836a2e934c318488b9ff59a24",
        "sha512": "ed14b5aafc3540748dae85a4e1354d4a3ef555d0e9b7716dec3264f859de0dcebf6f621e437afbe1c89b1d1cc3795dc904654244aef2f8cbe96c35a252888d0a"
      },
      "downloads": [
        "https://cdn.modrinth.com/data/yke6wdGF/versions/CYN4k7x6/Tweakerge-0.1.5-mc1.20.1.jar",
        "https://edge.forgecdn.net/files/5633/999/Tweakerge-0.1.5-mc1.20.1.jar"
      ],
      "fileSize": 345589
    },
    {
      "path": "mods/watut-forge-1.20.1-1.2.3.jar",
      "hashes": {
        "sha1": "d376debf1f96f37dbedf56919baeb7da2dcef9ab",
        "sha512": "80be5011a6f3a933bf87cc1815febde79e915a9fb3d2ff304bfda199ad8a09e5acb32b91dc6a56db4765209c83ca977870b11bc7dbfeb7c4efa0fda6cc370386"
      },
      "downloads": [
        "https://cdn.modrinth.com/data/AtB5mHky/versions/GpiXMxvP/watut-forge-1.20.1-1.2.3.jar",
        "https://edge.forgecdn.net/files/6315/241/watut-forge-1.20.1-1.2.3.jar"
      ],
      "fileSize": 435496
    },
    {
      "path": "mods/XaerosWorldMap_1.39.12_Forge_1.20.jar",
      "hashes": {
        "sha1": "3c4005a400ba8270738bbe4c573526749ecf2f8f",
        "sha512": "06d68367ec0a3eed9c13a6c02ce4a93d9375c6b32cb8c3e77a7c62f3e3ea6bfadbfae70d0e5f115e2b353d4b186e6cf80bcc73df5b13362d5d18f25fb2a9d6d1"
      },
      "downloads": [
        "https://cdn.modrinth.com/data/NcUtCpym/versions/ATTRzxT3/XaerosWorldMap_1.39.12_Forge_1.20.jar",
        "https://edge.forgecdn.net/files/6778/91/XaerosWorldMap_1.39.12_Forge_1.20.jar"
      ],
      "fileSize": 960799
    },
    {
      "path": "mods/Xaeros_Minimap_25.2.10_Forge_1.20.jar",
      "hashes": {
        "sha1": "1f23df114da3a8603dbe4781c07e8acf20f6d1ce",
        "sha512": "936d2608d74c9a4d702efce51e0197f19f947997af768cb558f4cc5323ea4c5f12ee11b519df4071bdbc8c2aca8caa1baa18f702ef32c24bc4ea78fdbac483b2"
      },
      "downloads": [
        "https://cdn.modrinth.com/data/1bokaNcj/versions/VfhlV9am/Xaeros_Minimap_25.2.10_Forge_1.20.jar",
        "https://edge.forgecdn.net/files/6778/28/Xaeros_Minimap_25.2.10_Forge_1.20.jar"
      ],
      "fileSize": 1723029
    },
    {
      "path": "mods/[1.20.1] SecurityCraft v1.10.0.1.jar",
      "hashes": {
        "sha1": "497e922cadb9650a5edab4dc26694bedbd830bf2",
        "sha512": "1890516f36604a123125f8565faff1a90fa13aea7f9d6fb00dde21aa8318992dc7e9f9de971d11f7767916193f8dc2d41ac629ded16e77d73a7b769807b952fe"
      },
      "downloads": [
        "https://cdn.modrinth.com/data/v8jzRtAt/versions/KdmbFCxl/%5B1.20.1%5D%20SecurityCraft%20v1.10.0.1.jar",
        "https://edge.forgecdn.net/files/6490/260/%5b1.20.1%5d%20SecurityCraft%20v1.10.0.1.jar"
      ],
      "fileSize": 4648724
    },
    {
      "path": "resourcepacks/§cCozyUI§b+ §7v1.8§c no-fonts §0.zip",
      "hashes": {
        "sha1": "1534238731a7aca8c3483204695efc63851d1085",
        "sha512": "b3999ca75d8393b63df5523d0171eb49b1fa4a45240aa6872edbeab339356769557bde739b83a4f8d54d0d9a9a4d60de13196f0acc693f345b41414edfe7be6c"
      },
      "downloads": [
        "https://cdn.modrinth.com/data/G5rf50k2/versions/JcfZQZou/%C2%A7cCozyUI%C2%A7b%2B%20%C2%A77v1.8%C2%A7c%20no-fonts%20%C2%A70.zip",
        "https://edge.forgecdn.net/files/6809/370/%c2%a7cCozyUI%c2%a7b%2b%20%c2%a77v1.8%c2%a7c%20no-fonts%20%c2%a70.zip"
      ],
      "fileSize": 15031371
    },
    {
      "path": "shaderpacks/ComplementaryReimagined_r5.5.1.zip",
      "hashes": {
        "sha1": "c9f1724fbe77e1d36afab9612b4aaac693bc84e4",
        "sha512": "e3168c3e8b9a59e70dbc7dd27931d8b245e5b16b093c87f1dccd01edc3a8be0fb14153fe8175e822ea6463ac0d715de377d186455580915c6f9d98c02b39194f"
      },
      "downloads": [
        "https://cdn.modrinth.com/data/HVnmMxH1/versions/sAAjYvFB/ComplementaryReimagined_r5.5.1.zip",
        "https://edge.forgecdn.net/files/6515/577/ComplementaryReimagined_r5.5.1.zip"
      ],
      "fileSize": 456328
    },
    {
      "path": "mods/create_alloyed-2.1.2+1.20.1.jar",
      "hashes": {
        "sha1": "d63d7ea3f3bae16179dbd0e6db8ebbc4c74d942c",
        "sha512": "35dad6659158940057c69a9f01fe6996eccd288b5c5b4a79ff68496d38674aa71ff90c188363c13e386d0b44935a82d7fcf1dd87d33ec4790a1c036b6532f627"
      },
      "downloads": [
        "https://cdn.modrinth.com/data/KUInlTFo/versions/t22SX90z/create_alloyed-2.1.2%2B1.20.1.jar"
      ],
      "fileSize": 520721
    },
    {
      "path": "mods/croparia-if-1.20.1-forge-0.2.10.jar",
      "hashes": {
        "sha1": "694d1ee2aeaf3d63e811397a74d286f85a4c6850",
        "sha512": "f04f2e1630471234cfec1a01fc4df39ee7c6f037d85d64bfc0467edc388ac035f7881d451782cb08da341010d0fbeac1eeb001ce8f2102c67add8e717b554a08"
      },
      "downloads": [
        "https://cdn.modrinth.com/data/d2EWn1lE/versions/TNd1vGnP/croparia-if-1.20.1-forge-0.2.10.jar"
      ],
      "fileSize": 798868
    },
    {
      "path": "mods/searchonmcmod-forge-1.20.x-0.0.7.jar",
      "hashes": {
        "sha1": "c14d8b15ca02d26e7d8aab204f2e02a581b5a1f0",
        "sha512": "4cdd73e060b0920469b5a1ff4d28ed22cbe479893655843781bc60d3827a7f8c12533d4b18e4c3ba9ddbe47ca2163119791436bf06b4ded6e0be503a81c925f7"
      },
      "downloads": [
        "https://cdn.modrinth.com/data/cPF7RWdR/versions/CoV2Jcqm/searchonmcmod-forge-1.20.x-0.0.7.jar"
      ],
      "fileSize": 18895
    },
    {
      "path": "mods/skinlayers3d-forge-1.9.0-mc1.20.1.jar",
      "hashes": {
        "sha1": "be3070725cc01e3df10560b29b4f340126d1ec46",
        "sha512": "fbe53dd2918627b34c7f62615013407bb22b4e9f65a6f742bab96750fc70a1984305d411ea167c053d5b2baeaae5213fab9f2f23468177a0196c40d3fa492e76"
      },
      "downloads": [
        "https://cdn.modrinth.com/data/zV5r3pPn/versions/PXEUtoct/skinlayers3d-forge-1.9.0-mc1.20.1.jar"
      ],
      "fileSize": 880065
    }
  ],
  "dependencies": {
    "minecraft": "1.20.1",
    "forge": "47.4.6"
  }
}